statefips,state,state_name,total,top_01,top_05,top_10,top_25,top_50,top_75,agi_01,agi_05,agi_10,agi_25,agi_50,agi_75,total_agi,sum_agi_01,sum_agi_05,sum_agi_10,sum_agi_25,sum_agi_50,sum_agi_75,total_sal_num,total_sal_amt,num_sal_01,sum_sal_01,num_sal_05,sum_sal_05,num_sal_10,sum_sal_10,num_sal_25,sum_sal_25,num_sal_50,sum_sal_50,num_sal_75,sum_sal_75,total_int_num,total_int_amt,num_int_01,sum_int_01,num_int_05,sum_int_05,num_int_10,sum_int_10,num_int_25,sum_int_25,num_int_50,sum_int_50,num_int_75,sum_int_75,total_div_num,total_div_amt,num_div_01,sum_div_01,num_div_05,sum_div_05,num_div_10,sum_div_10,num_div_25,sum_div_25,num_div_50,sum_div_50,num_div_75,sum_div_75,total_businc_num,total_businc_amt,num_businc_01,sum_businc_01,num_businc_05,sum_businc_05,num_businc_10,sum_businc_10,num_businc_25,sum_businc_25,num_businc_50,sum_businc_50,num_businc_75,sum_businc_75,total_cpgain_num,total_cpgain_amt,num_cpgain_01,sum_cpgain_01,num_cpgain_05,sum_cpgain_05,num_cpgain_10,sum_cpgain_10,num_cpgain_25,sum_cpgain_25,num_cpgain_50,sum_cpgain_50,num_cpgain_75,sum_cpgain_75,total_iradist_num,total_iradist_amt,num_iradist_01,sum_iradist_01,num_iradist_05,sum_iradist_05,num_iradist_10,sum_iradist_10,num_iradist_25,sum_iradist_25,num_iradist_50,sum_iradist_50,num_iradist_75,sum_iradist_75,total_pension_num,total_pension_amt,num_pension_01,sum_pension_01,num_pension_05,sum_pension_05,num_pension_10,sum_pension_10,num_pension_25,sum_pension_25,num_pension_50,sum_pension_50,num_pension_75,sum_pension_75,total_scorp_num,total_scorp_amt,num_scorp_01,sum_scorp_01,num_scorp_05,sum_scorp_05,num_scorp_10,sum_scorp_10,num_scorp_25,sum_scorp_25,num_scorp_50,sum_scorp_50,num_scorp_75,sum_scorp_75,total_tax,sum_tax_01,sum_tax_05,sum_tax_10,sum_tax_25,sum_tax_50,sum_tax_75
00,US,United States,148680717,1486807.00,7434036.00,14868072.0,37170179.00,74340359.0,111510538.00,699008,257507,172677,96633,48667,24089,14866570443,3829257221,6112768736,7653638978,10487145816,13061111469,14381589667,118843715,8922779301,1225895,1101506431,6305996,2505871951,12685831,3576782857,31563685,5617457201,62959627,7558355929,94349972,8597251783,47289627,99837056,1378581,52774871,5979759,67002249,10759450,74226137,22148895,85142715,34336160,93359282,41237398,96931790,30934415,379883320,1271857,193353012,5417352,268437914,9286795,301851039,17121470,342639201,24463891,366775350,28028101,374788535,27663930,433699768,401139,69875941,1839280,157325688,3415843,204220567,7559792,274787258,13315714,341416635,18973842,387010810,31668285,2026450515,1344253,1497837773,5654543,1770428628,9577650,1866521166,17401883,1962806150,24853109,2008527479,28679061,2021287474,15540782,405158486,274323,35680316,1510948,119453253,2973510,184203810,6784142,294109581,10939056,364506935,13230068,389911176,28969922,850075848,252706,19551145,1657735,111789547,3765074,225846933,10222122,487878184,18577417,715743019,23867801,804644451,8829551,1038769862,915210,723899764,2714852,925919226,3895777,977048624,5826135,1020258114,7408151,1038062879,8221807,1041128129,2206981061,993714143,1428370357,1651684154,1952983919,2147078043,2202707287
01,AL,Alabama,2014977,20150.00,100749.00,201498.0,503744.00,1007489.0,1511233.00,494573.24,201260.6,143872,83228,41339,20266,155456185,32172715,55013456,71909239,104694228,134560753,149731427,1635541,97356406,16658,7811831,85365,21615280,172936,33690700,429682,57701503,856764,80833868,1280854,93235928,557262,809893,18248,314574,75521,452215,134086,522869,271036,641167,408940,732436,488593,775588,292010,2758588,15863,1287652,60853,1896181,99082,2147370,173708,2469632,237440,2656203,268077,2718327,387720,4378381,6673,760129,27840,1757176,49520,2181832,106957,2869508,185797,3474180,265121,3806679,297121,14830845,16943,10731991,63679,12865481,102241,13582315,177312,14346636,241507,14697884,272553,14793054,187086,4303283,4463,425908,22228,1428926,40502,2085573,86007,3173583,133110,3864011,160988,4140633,439761,12189466,4178,293279,31351,1989208,66586,3630705,165069,7185239,286586,10212251,372349,11599997,95726,12466128,13827,9815616,36021,11646098,48478,12037327,68295,12381954,83467,12490552,90545,12496207,18870111,7695661,11414238,13529771,16492170,18385418,18855588
02,AK,Alaska,323074,3231.00,16154.00,32307.0,80769.00,161537.0,242306.00,550877.32,240705.35,174893.4,105643,55512.5,27668,29329645,4541996,8833290,12098777,18611553,24876208,28161314,265846,18352507,2625,1125621,13325,3468598,27133,5637602,68282,10218843,136752,14875230,207827,17523939,93332,153289,2948,51917,12219,81022,21426,95000,43504,118681,68868,139413,82394,147594,72414,499318,2501,174544,10150,290549,17435,344218,33739,414178,52073,464533,63277,485257,55642,1023708,960,152828,4380,342868,8142,457414,18406,659750,32034,846504,42980,959247,67276,2513350,2688,1447269,10848,1952935,18286,2145165,34324,2355967,51218,2466444,61035,2500537,28069,880404,698,91147,3736,318618,6809,454090,14158,679771,21806,819103,25298,860780,65465,2510723,802,62709,5466,410401,11537,770313,27811,1547076,47167,2214312,57526,2427818,18876,1906003,2127,1271444,5969,1682399,8313,1786251,12251,1874464,15841,1912227,17574,1913224,3806757,1134785,1901397,2372140,3100823,3618953,3786987
04,AZ,Arizona,3171966,31720.00,158598.00,317197.0,792992.00,1585983.0,2378975.00,611353,237384,161775,91117,46169,23965,284347174,63583482,107414458,137978882,194887108,246683604,273964454,2502212,168977666,25299,17262025,128706,42054618,258677,62047466,642846,101111420,1299078,139827390,1977616,162028273,816920,1755758,28363,769196,117822,1081434,204861,1237534,400639,1467509,597473,1629591,705314,1695290,595521,6697271,24975,3038641,105123,4451891,180162,5110767,332657,5942211,470276,6421919,534765,6578731,541806,8494168,8848,1259805,39625,2803809,72971,3677952,158304,5095894,272347,6507529,374721,7474072,645853,35867397,27864,24171563,116641,30446618,196942,32583568,357687,34627717,504990,35529991,578826,35762500,352618,9782624,6361,853958,35844,2939671,71021,4590248,160802,7279367,251596,8861779,299522,9418355,649944,19041001,6319,520718,41895,2744360,93755,5445748,246975,11475665,429971,16296902,537993,18056680,173322,20003267,19973,13744375,57887,17715955,81571,18759062,119848,19676026,148523,19987205,161943,20047739,38509054,15972001,23792846,27989741,33678279,37321143,38411347
05,AR,Arkansas,1218412,12184.00,60921.00,121841.0,304603.00,609206.0,913809.00,471817.58,192217.45,135235.9,78325.25,39577,20051,100531538,29475171,42854258,52522516,71139925,88260444,97175105,988541,56580704,10419,5063296,52155,13444069,103884,20166223,257247,33582691,516864,46863059,777051,54210193,320354,602523,10768,309243,44382,391546,77687,435897,154166,505595,231113,555191,276976,580002,180762,6179128,9207,5392566,36992,5699720,60422,5837363,106382,6014242,145291,6116224,164605,6153883,219976,2422380,3746,296271,15598,673290,28453,896947,62268,1303505,108049,1716775,150648,2038693,189121,15382423,9977,12889502,38897,14095565,63059,14541338,110180,15043704,150728,15278417,171713,15348234,113249,2493642,2251,193095,12123,729482,23559,1146202,51986,1809312,80201,2215978,96877,2389296,242209,6180027,2193,164080,15345,924126,34884,1799495,91130,3694257,159170,5236964,202644,5861385,67914,6456553,7718,4538934,22644,5758942,31955,6066354,46811,6337076,58005,6452871,63507,6471561,12455270,6311373,8464438,9615744,11180779,12175953,12446561
06,CA,California,17764476,177645.00,888224.00,1776448.0,4441119.00,8882238.0,13323357.00,919045.75,323709,205452.5,106422,51837,25864,2137841412,607914698,962358163,1187346331,1574269193,1907063958,2074455976,14137443,1299832333,148847,213126197,763873,440253163,1526834,597779885,3769667,878531486,7528435,1131677759,11301355,1260998992,6660380,12991359,167459,6364936,769648,8451180,1452179,9560067,3190533,11139672,5013140,12214628,5931076,12644239,3770379,50745397,153446,25386213,686012,35454403,1194738,40337903,2190659,46082724,3048057,49167248,3444031,50128627,3449361,63772179,41302,9947353,200138,21518081,391036,28709621,903868,39450045,1616499,49505034,2327646,56799981,4145087,323849186,163265,239503716,726002,285958097,1256358,301733150,2300850,315801328,3250482,321652000,3746886,323185271,1457750,43272776,26593,3969372,144657,12450310,298807,20059094,694493,32544998,1086101,39746486,1273343,41942665,2740536,99400700,24436,2039626,153107,11444471,365148,25765639,1045600,60589393,1878313,87340582,2329846,95507696,1078881,142422941,97616,92873695,314421,124469959,471928,133339024,721497,140073609,913233,142531437,1007850,142842510,360132902,165087786,241669128,278259625,325191704,351981245,359358972
08,CO,Colorado,2744702,27447.00,137235.00,274470.0,686176.00,1372351.0,2058527.00,768213.89,292454,196215,109306,56275,28778,305550684,73354814,120468123,152817728,212090266,266338258,294893358,2228206,179492773,22027,17836828,115261,44411242,233686,66230289,584412,108683384,1163816,149292065,1754882,172119709,920638,2274987,25514,1282491,111414,1585413,200897,1736801,416530,1970269,658288,2142149,796456,2214185,684720,7640184,23319,3230540,103419,4863995,184845,5668776,357707,6678516,530089,7298342,615474,7506474,526209,9282541,7715,980205,35434,2458910,67235,3488702,152907,5224464,268391,6995765,370097,8208315,707242,50791743,25174,35852330,110770,43519465,195159,46275211,369706,48964182,544611,50252064,635100,50620452,303026,8489426,4964,620293,27880,2212640,55484,3539173,128930,5946248,213864,7596620,258189,8149433,482002,15291425,4331,298859,27714,1706639,62105,3544318,169695,8276934,314533,12842404,401126,14499267,228692,21434108,18899,11776266,61525,17343165,93100,19076631,146313,20638297,190500,21337504,211903,21487307,45851099,18526994,27698213,32635357,39529159,44129671,45665249
09,CT,Connecticut,1681094,16811.00,84055.00,168109.0,420274.00,840547.0,1260821.00,1022498.58,328387.7,211480,115807,58341,28259.25,225520575,71138025,106140971,127828907,166579895,201414440,219120041,1333407,128685078,13717,21888059,71457,43688508,143756,58507398,357534,85941338,703735,110994640,1057386,124618367,596911,2603843,16161,1927652,71374,2162242,128282,2262286,268138,2408298,432195,2523657,522470,2570207,458643,7497952,15591,3975101,68915,5417406,122336,6051424,236296,6794834,355652,7261366,413932,7411357,294896,7877643,4586,1275821,23087,3160122,43175,4238658,93528,5596451,157011,6666504,213033,7329864,436142,38994837,15915,30581864,69691,34853175,121534,36421686,227973,37962149,338462,38725599,394820,38925337,217643,6055744,3043,561425,17746,1651177,36531,2609356,87315,4251557,150446,5433280,183584,5824607,354988,11021463,2678,222312,17400,1160995,41147,2471519,118386,5916205,227523,9304651,291870,10451613,96375,13540690,11185,8958282,32518,12064798,45667,12790517,65631,13323745,81884,13509379,90209,13556670,39858472,19699624,27365198,30870186,35668703,38821448,39760865
10,DE,Delaware,466174,4662.00,23309.00,46617.0,116544.00,233087.0,349631.00,548839.66,235625.2,168789.7,100087,51422,25692,41558844,7403215,13522889,18107086,27086129,35563245,39945479,366998,24966351,3740,2051595,19326,5643658,38686,8654428,94970,14573992,188538,20468094,286136,23864547,146173,196151,4260,60701,18102,95519,32456,114103,67550,148229,106442,175624,128059,187416,105014,1067954,3931,474405,16707,687900,29037,791153,55984,931704,82618,1021564,95394,1050961,70654,1082067,1187,166966,5147,384425,9263,501774,20426,683788,35740,860143,49617,972541,98881,3267856,4076,1862381,16848,2525522,28600,2785293,53455,3071616,77908,3219047,89970,3255058,64021,1720446,1110,137857,6290,492197,12124,752160,27915,1228456,46056,1554572,55501,1662636,120865,3767292,1142,81210,7776,518608,16782,1006549,43724,2152945,79464,3186867,101216,3574413,23120,2615757,2688,1888430,7223,2333627,9994,2443528,14981,2557882,19273,2607614,21460,2620746,5529312,1936324,3023581,3668159,4630354,5312978,5511086
11,DC,District of Columbia,331136,3311.00,16557.00,33114.0,82784.00,165568.0,248352.00,1071426.35,376778.5,243662,120878,62467,29856.75,45935896,12831943,20392910,25348997,33686691,40889737,44638581,279476,28154439,2434,3090159,13734,7726844,28319,11368985,72400,17980163,146904,24113406,220313,27244473,107445,241100,3199,137050,14375,175142,26505,193615,54825,218474,83420,232004,97994,237353,94620,1351624,3063,603470,13984,933073,25830,1080077,52234,1248483,78119,1318785,89153,1341635,62807,1473856,1005,317269,4539,695324,8479,898070,18127,1167854,30444,1315458,43078,1387338,90340,6612444,3128,4771020,13834,5725501,25225,6084900,50084,6438941,74115,6564720,84771,6599696,21406,780971,653,101279,3365,317473,6393,465701,12506,653638,17090,738491,19517,767175,43055,1885187,630,66196,3378,310695,6654,563169,15314,1073858,26360,1542974,35781,1797605,15991,3564709,2352,2585352,6290,3362994,8627,3493169,12059,3562062,14235,3574935,15273,3573577,8583259,3588964,5325484,6221882,7487178,8331258,8560567
12,FL,Florida,10194029,101940.00,509701.00,1019403.0,2548507.00,5097015.0,7645522.00,756238.88,245111.6,159966.2,85826,42038,20637,1050785893,356913220,513353253,612434558,788997775,943229688,1021374543,7734067,520159805,76218,68698622,391212,147434161,791018,207881052,1990925,324026811,4083576,438802781,6181607,501062072,2706648,9983512,94459,5911419,395253,7469724,690147,8129846,1346209,9005032,1979785,9553055,2353522,9790702,2001178,37619966,87019,21242277,362057,28800246,617894,31699128,1134956,34999768,1583840,36691081,1811217,37260913,2431639,28350800,26799,5177983,120005,10007879,223903,12378924,508846,16293592,980676,20596919,1555542,23836779,2127644,209579326,93422,165476163,391152,190557561,661976,198462445,1196602,205636043,1672039,208502594,1922873,209303074,1130497,34818904,24464,4226471,133553,13117195,258255,19129295,561495,27798880,835676,32276290,984137,33884020,2015383,61440583,22484,1904367,143060,10070867,319739,19841518,823376,40091004,1377248,54027517,1714070,59075599,842757,93389116,72961,64569739,226072,81719315,326966,86082460,502901,90448794,665430,92824865,765173,93431202,166435627,91942807,121551080,135441531,153254545,163677529,166336854
13,GA,Georgia,4596088,45961.00,229804.00,459609.0,1149022.00,2298044.0,3447066.00,621655.78,236304.95,159150,86680,42103,20103,405572372,99772618,163737764,207600699,287598633,357801681,392770116,3730052,253653519,39061,27627786,200659,68774835,401376,100340257,991111,159679372,1978970,215326253,2949248,244313234,1125751,2039469,41529,988684,169910,1315774,296062,1476863,577578,1731757,845656,1905299,998845,1981624,778252,8858151,38545,4382023,159297,6281378,267825,7109044,475062,8092734,643835,8608880,721194,8766687,1169355,9824437,12433,1502025,58266,3409790,111361,4392182,261388,5887169,501433,7413335,780067,8434359,802786,53587273,41018,41035285,166672,47764825,276362,50099955,482882,52346970,655922,53259169,740724,53496011,373629,9417384,8071,739358,43168,2843966,83918,4486102,184636,7117284,278102,8594739,329581,9138400,829736,23729528,7544,473213,50478,3120904,116787,6560563,318461,14379966,558044,20471073,710241,22758429,274868,31167433,30318,21262678,88376,27561995,125556,29141770,186525,30542140,234745,31123974,259041,31232085,56219445,24761176,36385457,42435370,50394299,55081552,56188307
15,HI,Hawaii,648871,6489.00,32444.00,64887.0,162218.00,324436.0,486653.00,541170.7,229419,165283,98581,52032,26971,56648324,9526320,17867458,24095285,36365409,48088277,54372932,502120,33251428,4854,2297250,25176,6493241,51517,10399691,131242,18688550,264435,27021145,401170,31801197,239273,353538,5866,162421,26268,210334,48589,238043,103996,283696,169002,322010,205840,338859,153465,1269216,5061,502145,22251,775932,39486,909413,76895,1081362,116536,1200766,137200,1241657,109612,2233049,2008,420865,9084,967414,16408,1211101,35335,1578526,60561,1896937,81349,2085832,148478,6143096,5521,3764885,23374,5012640,40110,5422581,74899,5838052,112136,6056389,132638,6117603,73065,1856651,1635,270194,8567,675274,15938,959311,33671,1396954,52826,1688313,62214,1787104,151020,4967568,1813,155245,11629,846103,24155,1569254,57944,3045436,99745,4276088,123267,4705768,32473,2768878,3515,1774699,10415,2422040,14415,2572298,21043,2715761,26757,2779171,29728,2783819,7163533,2356441,3792053,4634726,5909941,6825354,7129965
16,ID,Idaho,808466,8085.00,40423.00,80847.0,202117.00,404233.0,606350.00,624720.1,231578.75,157750.5,93375.75,49149,25050,74515982,17387080,28551555,36130205,50586302,64461953,71792091,648030,40919699,6236,2844587,32264,8193123,65324,12910863,165206,22860135,332723,33079457,504340,38935808,246993,587005,7360,256403,31642,358052,55704,406846,111498,479449,174107,535526,211212,562883,153704,1373315,5978,555002,24927,853556,42713,994017,79008,1171629,115455,1295153,135375,1340950,141234,2110270,2175,255346,10354,619532,19805,852743,45034,1234245,79776,1647724,106554,1913191,175503,11308241,7110,7422701,29716,9515927,50154,10186392,90557,10821861,131779,11155874,155028,11257157,90096,2112567,1491,143369,8265,565466,16161,903616,36558,1458479,60117,1843057,74463,2005832,164564,4805674,1405,118576,9320,602883,20972,1222880,56084,2663881,102532,3969869,132882,4512923,68076,8249940,5730,5373528,18805,7106270,27810,7612657,42647,8038170,56217,8223033,62993,8264630,9551658,4185157,6072581,7046881,8342088,9219030,9522475
17,IL,Illinois,5679636,56796.00,283982.00,567964.0,1419909.00,2839818.0,4259727.00,695128.25,261161,178108,101656,52097,25969,593908357,154791649,242284363,302487107,415336588,519948772,573974183,4570959,356530433,47589,44630608,244211,100225738,489150,142248089,1212764,222880226,2411954,300947015,3617045,343167408,1848901,4293675,52674,2570650,225480,3043651,403177,3298437,842179,3715790,1328965,4040890,1609414,4180508,1329585,15330566,50602,7367607,219299,10519501,380985,11928540,719339,13687852,1047206,14768538,1204512,15117280,968652,13548897,14126,2142202,63428,4783147,116259,6197629,257753,8295038,454156,10335641,651957,11892282,1300371,82676830,52051,63929826,221133,73023896,379183,76458307,703853,80115343,1020677,81950485,1178527,82469384,649741,17001078,10997,1649148,62441,5185931,122552,7745349,277935,12175238,451338,15215280,548421,16319197,1152399,37331997,9505,787972,62871,4646744,144087,9840556,398625,21791921,733960,31842863,944322,35454307,374228,41032944,36355,28853485,104197,36138437,149472,37960127,228434,39757906,301454,40795022,344882,41101787,89812877,40234949,57141797,66072274,78591792,87115593,89585617
18,IN,Indiana,3011423,30114.00,150571.00,301142.0,752856.00,1505712.0,2258567.00,490617.56,200076.9,144900,88170.5,46255,22904,239564578,46450427,80523605,105766833,156263604,204859941,230565716,2441224,155548622,25916,12726637,130566,34246424,263803,52833399,659887,91164174,1312713,129121278,1952789,149740024,858388,1038483,27209,401215,110198,572277,191612,659295,383865,799792,595110,921533,725386,982986,539300,4096644,24563,1731352,96012,2634542,157383,3010550,283986,3526672,409713,3875643,477686,4006461,438123,6166206,8273,929565,34725,2050751,62782,2651169,137816,3729081,234802,4800999,319160,5536153,537387,21967702,25814,15464392,99179,18537637,160432,19643094,285352,20930751,410809,21652405,479184,21873857,350568,7612627,5976,569780,32511,2098786,61122,3223017,136404,5203960,225254,6617248,282921,7216070,659950,13697721,5342,340824,36202,1901150,77946,3439827,200912,6936041,369134,10474211,495684,12366708,153575,18126766,19545,13466873,52973,16516054,72943,17228668,105372,17880636,131877,18136019,144487,18164602,29106303,11302420,16897005,20043752,24624090,27985479,29044875
19,IA,Iowa,1380815,13808.00,69041.00,138082.0,345204.00,690408.0,1035611.00,507348.16,214284.3,154839,97255,52770,27493,116211766,18364790,34951628,47330658,72410208,97384362,111040883,1129947,73508008,11694,5413629,58143,14671592,117016,22967858,294280,40797643,584887,59002503,879891,69850225,550801,857464,12977,275185,57541,409377,105435,485736,227867,617151,378554,746017,471623,809072,321708,2320250,11405,810431,47922,1316716,82828,1566537,157650,1913694,240118,2169898,285460,2262615,205492,2865565,3874,327025,16286,837723,29557,1132340,66498,1664931,117066,2229291,154081,2565032,316362,8700361,12006,4516158,49267,6319357,83301,7040235,156208,7898231,236636,8444432,281229,8614123,192497,3964175,3108,246045,16638,960615,31920,1529449,72640,2547783,125995,3387200,159624,3742564,313189,7162945,2997,180439,18383,923540,38680,1729945,99403,3638641,188698,5647517,250404,6595739,99372,8838637,9224,5948273,28526,7705123,41453,8184135,63931,8612823,83506,8810695,92647,8844969,13676610,4554272,7270958,8844435,11143006,12940751,13605442
20,KS,Kansas,1265879,12659.00,63294.00,126588.0,316470.00,632940.0,949409.00,577891.98,226407,159172,94547,49320,24841,113104374,24278442,40872114,52685531,75661813,97466854,108969617,1029999,68819981,10468,6296699,53148,15877885,106978,23843167,268764,40248414,536673,56546174,807716,65833177,448934,738697,11766,323997,50905,426478,92607,483769,195812,582274,313299,666153,382901,705145,275304,2765214,10684,1328378,44304,1862102,75931,2106620,142805,2433319,210788,2646786,246032,2719280,199975,3179840,4170,445574,17504,1084314,31315,1439973,68379,2020879,115744,2576563,151962,2916689,283870,12368691,11213,8302516,46329,10138386,78680,10852801,146533,11677088,216297,12152421,253702,12298907,166288,3938527,2725,303370,15159,1074282,29395,1679853,66516,2711972,111388,3469832,137951,3759620,272384,6450650,2260,160067,15214,827789,33842,1629163,89623,3434761,165635,5179554,216826,5978836,82970,9339608,8564,6633205,25971,8418844,37153,8854832,55877,9214194,70786,9347306,77853,9359549,14719792,6074295,8940658,10501653,12663245,14179073,14678236
21,KY,Kentucky,1843362,18434.00,92168.00,184336.0,460841.00,921681.0,1382522.00,455998.78,190198,137321.7,82136,42778.5,21467,134863293,23906946,43642288,58313701,87377445,114941765,129551425,1506372,87665377,15503,7227580,78122,19383443,158129,29755310,395791,51036916,789186,72160213,1178991,83905963,480558,614236,16086,226151,64164,328299,111480,380130,223113,470646,343294,545832,416452,583355,287142,2911983,14455,1496245,56051,2079115,91254,2315384,161263,2615950,226986,2801067,260579,2869352,297567,3986566,6007,580734,24012,1365706,42609,1753816,90935,2393818,153600,3030211,209653,3477275,291882,10782247,15297,7051260,57877,8819030,93061,9477193,162681,10211258,229390,10597864,264623,10725450,180941,4117321,3989,395723,20508,1322601,37703,1938749,80441,2962983,126532,3652721,154772,3948749,404361,10658409,3865,245881,25816,1520115,56569,2923549,145507,6030611,258458,8808943,335941,10060249,92269,8788081,11268,6276335,31429,7916694,43381,8309293,62568,8651430,78040,8785184,85902,8805896,15654786,5903685,9069573,10832742,13340438,15100696,15630989
22,LA,Louisiana,1883699,18837.00,94185.00,188370.0,470925.00,941850.0,1412774.00,521252.28,202007.1,143523,80080,38424,18469,142648566,30411189,52358307,68170302,98292363,124696361,137660953,1516692,87685873,15182,6664366,78987,19395920,161939,30893137,405656,53274492,805851,73856099,1197217,84247676,514403,820686,17350,353090,72434,505076,127770,572542,257139,680928,385364,760447,456835,795055,280343,2902929,15287,1403055,58607,2044171,94303,2290601,167491,2622363,229979,2806706,258770,2867633,428823,4435303,6929,876413,28408,1926023,50512,2342668,110078,3011707,195562,3593244,294271,3923018,287887,13251075,16019,9425586,60759,11404629,97305,12040091,171558,12788457,235227,13121755,265372,13214046,165440,4155395,3900,336176,20163,1316447,36599,1982267,80231,3136048,123923,3800413,147058,4038363,350301,9698467,3863,278944,25516,1562117,53479,2783446,134228,5610647,235883,8215257,302962,9297131,111556,13358747,14023,9987904,40065,12404774,54978,12889858,79820,13284966,97584,13401386,105775,13402158,18000937,7704939,11343670,13314085,16041201,17658744,17994989
23,ME,Maine,661964,6620.00,33098.00,66196.0,165491.00,330982.0,496473.00,522134.59,214315.85,150356.7,89945.25,48302,25807,54178883,9559782,17682812,23518663,34915091,45896214,51947071,518815,32915429,5344,2644668,26928,7063160,54658,10888427,139019,18902889,278097,26887359,417061,31547304,237886,333302,6107,131049,26680,187123,47937,214576,99565,259923,160117,297393,197880,315773,137788,1339296,5289,487234,21598,806998,36536,952063,67876,1137193,101294,1261903,119689,1306229,113358,2115557,1860,235893,8664,625317,15996,866372,35410,1271950,61707,1670718,82830,1919463,135276,5632542,5676,3294299,23092,4430457,38412,4851521,69226,5293144,101448,5531766,119251,5600348,87686,1964628,1451,150728,8086,563759,15421,864313,33990,1353410,56654,1706512,70203,1851789,142311,3664966,1323,77415,8435,472688,18109,906624,46662,1888601,85593,2911470,111513,3384578,38619,3503951,3859,2292810,11574,3064700,16532,3262297,25092,3428571,32168,3498759,35697,3513333,6650805,2326711,3695907,4451585,5524466,6330303,6622411
24,MD,Maryland,2855754,28558.00,142788.00,285575.0,713939.00,1427877.0,2141816.00,658000.87,276619.35,196665,112958,57013,26823,297497580,60466832,104480085,137363753,200400589,258512412,287614602,2283030,191749160,23743,17609566,123514,45883653,249603,70080159,619293,117395034,1220028,161791378,1827314,185137862,950576,1467790,26619,640835,116523,863790,211786,985785,445042,1194111,704758,1359754,846091,1424035,618981,6351037,24923,2585740,105544,4045098,182458,4718021,344800,5594772,499643,6112517,570810,6268148,617509,7989418,8245,1314462,38179,3068195,70683,3932839,159526,5152854,285234,6133022,407174,6917770,619119,29782778,25573,20509982,106509,24996375,182048,26694889,339843,28569916,492782,29467164,568463,29704548,284798,7917286,6364,1126035,32384,2727530,59780,3835336,129991,5834459,210154,7233626,250513,7683626,583125,21294257,5834,482824,39316,2969754,83821,5663569,212808,11974854,388982,18164901,497995,20425676,147604,18399031,17700,13577990,46836,16716050,64541,17435715,96078,18090608,123438,18379150,137813,18436394,43374647,15611185,23957484,28970551,36634371,41810093,43249925
25,MA,Massachusetts,3259802,32598.00,162990.00,325980.0,814951.00,1629901.0,2444852.00,988253.41,348885.95,226687.9,122039,62005,31000,451190439,135191028,204314410,249387148,329218593,400458222,437487688,2621982,260857108,26772,36769381,141795,80677099,287210,113251145,716250,172250346,1405641,224338298,2097970,252582251,1386998,3138924,31233,1874208,142443,2237627,264204,2420707,573638,2708179,955052,2949764,1190142,3056190,894343,13056328,29642,6698935,132564,9200636,236705,10347527,456155,11751318,688199,12607020,805233,12892449,557411,13935607,8993,2177191,43734,5244921,80979,7039250,177672,9672850,301713,11776105,408142,13011908,873189,81113144,30766,62566105,137190,72160821,242119,75614552,454532,78965705,674970,80545386,790211,80966157,390469,11011664,5833,900158,30779,2691080,60920,4297645,146505,7365326,259927,9742920,322689,10526174,612350,18589966,5197,426629,28624,1837208,62383,3617144,181698,8825042,368004,14934641,489036,17416324,182211,29648951,19943,20782181,56954,26446092,82042,27946198,122215,29140802,154942,29626862,170917,29710286,78426548,35931120,51081349,58644389,69073101,75940067,78155071
26,MI,Michigan,4508496,45085.00,225425.00,450850.0,1127124.00,2254248.0,3381372.00,535835.9,216957,154414,91369,46361,22621,379971674,78465070,134044328,174686507,254013928,328507268,366479219,3456654,231032706,38405,22076053,192855,56709905,386404,85380821,955165,141814168,1886704,195712597,2796929,223373793,1535068,2175415,40978,944631,172564,1275292,310002,1450647,653280,1737798,1048763,1977171,1299472,2090082,928207,8779141,37359,4317590,152158,5993864,256546,6736942,479578,7735682,706770,8398267,825956,8632973,740543,10242790,11968,1660830,53248,3729454,96657,4807499,213151,6627905,373087,8300932,533256,9362986,947397,36366097,39301,24736820,157978,30110021,264295,32191465,489442,34585681,720246,35871929,844659,36237822,577748,13702531,9471,1021873,51914,3820746,100150,5916141,231902,9585734,387738,12141337,482049,13126557,1072499,26408419,8512,598523,56118,3339677,121711,6284131,326949,13494034,618741,20746563,833859,24314144,231048,26751298,28031,20168326,75649,24394633,104358,25403265,152609,26332906,194268,26747845,216369,26821313,49111433,19341659,28879559,34274665,41997725,47449992,49017600
27,MN,Minnesota,2616874,26169.00,130844.00,261687.0,654219.00,1308437.0,1962656.00,647879.97,258260.35,179661,107639,57582,30136.25,264531346,53379721,92262045,119973397,173660514,225704229,253888191,2119611,166130418,22471,16221981,114645,40686957,230084,60431092,569033,99615045,1115969,137240719,1672693,159107690,951880,1583952,24067,697854,102900,918593,184160,1034881,392320,1229999,652152,1420942,810102,1508914,669167,6389054,22279,2981842,97601,4173373,170741,4733499,327156,5493683,500897,6052970,593218,6254397,403134,6740827,6773,783556,30128,1982477,55889,2732622,126453,4001305,223558,5291467,302072,6105573,663995,27590109,23253,18063984,99436,22242074,170942,23947135,322534,25887238,493368,27064188,588025,27424450,362768,8701642,4609,481082,26468,1894965,52438,3055795,127114,5412362,231765,7418692,293792,8183745,548584,13962548,4395,287806,26645,1478966,57638,2862107,160483,6610478,324211,11020642,432155,12880418,177189,19456621,15935,12783340,49275,16772798,72711,17933985,112922,18970122,148019,19403099,164649,19488863,36353398,13497055,20645727,24623595,30367087,34618525,36160366
28,MS,Mississippi,1186201,11862.00,59310.00,118620.0,296550.00,593101.0,889651.00,391112,171317,124540,71058,35440,17834,74581937,12536243,23666758,32223120,48877885,63814545,71550208,971861,49172292,9710,3551065,49464,10296377,100143,16339203,249855,28464335,505594,40456798,760180,46985727,266968,361922,10310,131838,41495,197996,72404,232330,141494,291683,203566,329683,237616,348030,131195,1078861,8728,491916,31049,743961,49028,842791,83356,974258,109446,1039436,121526,1063323,247258,2315020,4332,432972,17176,913258,30278,1127404,64910,1502126,113306,1766184,167359,1921136,134712,4462898,9241,2901170,32317,3695806,50674,3970018,85366,4276157,111884,4407319,124518,4444776,89867,1913543,2553,211399,12509,693176,22469,987616,46337,1466317,67059,1734592,79300,1850299,238069,6607633,2819,220112,19552,1263769,40837,2268639,98811,4284497,163325,5747252,206012,6354503,51247,5462422,7644,4213792,19933,5080624,26877,5271259,37826,5423175,45186,5469386,48536,5473977,7905277,2975812,4635268,5588664,6937916,7729790,7902820
29,MO,Missouri,2672201,26722.00,133610.00,267220.0,668050.00,1336101.0,2004151.00,523561,211532,149637,88467,45702,22816,224596794,49979277,82242258,105631860,151154179,194156777,216621715,2142733,137488035,22218,12929219,112689,32611347,227165,48916552,565692,81538527,1127930,113824822,1695247,131939817,846829,1378851,24110,630454,101099,816980,181114,920813,376258,1098123,593759,1246646,722814,1318022,548281,7481427,22157,4654084,90799,5723234,153887,6191829,288072,6832314,422262,7244170,490956,7388302,438549,6235184,7895,917283,33549,2135867,60785,2775758,133947,3842428,233682,4906103,319483,5614142,551693,22238390,23283,14940718,93485,18202757,156418,19486178,289929,21019419,424564,21864513,495178,22122145,319782,7530968,5869,637836,31937,2249401,60564,3412754,134898,5362481,218952,6683406,268517,7211488,598503,15262193,5335,337715,34777,1991615,75428,3841428,199062,8282539,366082,12455367,478534,14251312,143872,17657026,16341,13574797,46133,16207983,64972,16840797,96399,17411595,122103,17648934,134579,17686626,29173623,12582959,18033859,21044043,25264706,28219680,29120129
30,MT,Montana,505427,5054.00,25271.00,50543.0,126357.00,252714.0,379070.00,635282.18,230867,156946.4,93187,47956,24068.5,45774731,10382808,17429448,22143736,31173349,39731483,44177985,394993,23843420,3808,1799838,19589,4794001,40063,7516478,101871,13409988,204484,19332477,310095,22757374,171992,326519,4676,99159,20362,161518,35934,195747,73475,244390,118501,287733,145489,309477,118685,1167880,3899,423541,16621,685989,28983,806851,56056,964649,85684,1072824,102080,1118015,88947,1472172,1512,182657,6952,444274,12951,600403,29103,880325,51352,1169153,68291,1355551,125902,7646001,4472,4819433,19136,6230405,32804,6719793,61589,7222912,93090,7507701,110938,7602369,63434,1433310,1087,98785,5963,392724,11656,626299,26175,998682,43454,1261016,53153,1365517,108608,3098660,992,70414,6391,384580,14212,781351,37745,1703979,69492,2579925,89236,2923527,49356,4530059,3723,2636800,13245,3834221,19798,4163970,30783,4427268,40810,4550448,45628,4540396,6006906,2537139,3743743,4354979,5195343,5791903,5991807
31,NE,Nebraska,860359,8604.00,43018.00,86036.0,215090.00,430180.0,645269.00,558534.52,222934,158492.2,97029.5,51425,26965,78571646,17057323,28077869,36024969,51802442,67135182,75441183,717163,47692138,7285,3738435,36550,9928083,73725,15323475,185389,26767341,370002,38405194,559224,45344518,291718,468351,8057,173030,34444,250016,61482,289432,127674,354250,204166,416059,248541,443153,197671,2111292,7219,1183989,30059,1524236,51986,1677567,99661,1881716,149254,2026640,175260,2075700,133077,1773312,2447,223628,10512,511136,19184,674158,42860,975736,75191,1330434,99385,1557964,203708,8364346,7603,5438039,31218,6668869,53350,7163708,101343,7787740,152293,8174152,180424,8296858,110142,2378640,1813,172843,9926,620576,18989,955334,42750,1555916,72277,2037630,89649,2233784,160822,3954594,1589,104238,10007,559071,21745,1075543,55373,2204012,100940,3274240,129351,3692639,69027,7865508,5988,5651234,19237,7026549,28299,7377081,44303,7709330,58053,7848737,64303,7878389,9988698,4116665,5982771,7014334,8474245,9556427,9947137
32,NV,Nevada,1476590,14766.00,73830.00,147659.0,369148.00,738295.0,1107443.00,689661.72,224953.1,152274,86157,44342,23701,151097270,51840717,72469356,85882501,110859975,133858907,146220842,1180214,75756581,11036,9199343,57646,19685415,118177,28365940,300610,45712529,612206,62871009,927448,72433513,374526,1235770,13351,779115,54765,965650,94847,1035926,185314,1127452,276876,1186112,328662,1211963,227214,3714949,11594,2273272,45855,2965919,75041,3195920,131857,3472347,181237,3623505,205273,3675023,264540,3789809,4142,644076,18488,1426481,33515,1815472,71637,2425364,126664,3049611,181078,3408865,263758,30791407,13135,25628575,52777,28799087,85546,29627110,148487,30361543,206065,30667026,236907,30750602,117809,3566097,2822,612790,15556,1488570,28895,2040799,59372,2841465,87014,3288511,101168,3449591,280788,9280534,2812,207791,21309,1592010,47058,3113015,116473,6078795,194391,8214773,237447,8897968,77944,12907826,9952,10060677,28533,12064803,38841,12475264,54431,12826383,66259,12950377,72450,12951562,23219481,13096631,16824065,18627982,21089045,22679763,23173576
33,NH,New Hampshire,674178,6742.00,33709.00,67418.0,168545.00,337089.0,505634.00,719759.76,284681.75,196087.3,115455,61323,31878.25,77817147,19051471,30126802,37964967,52906620,67254797,74934676,547482,47733780,5373,6300179,28081,12923077,57198,18355335,144513,29208173,286569,39666938,431312,45747762,257975,449761,6313,205348,27590,269560,49979,305966,105788,359743,175682,410062,218523,431805,175425,1882560,5830,730397,25016,1147803,43906,1352116,84285,1601396,129772,1780059,154509,1842606,107110,3202081,2036,585015,9027,1254067,16547,1645700,35642,2221880,61169,2725745,80007,3001676,168193,11521832,6136,8216374,26321,9826701,45362,10430855,84052,11047312,126373,11387286,149428,11483707,93674,2557997,1486,228130,7757,685195,14844,1029459,33835,1680322,60102,2222342,75705,2423336,144251,4086181,1396,106778,7887,505226,16816,948501,44581,2055716,86528,3263438,113945,3785072,32506,3236144,3798,2191288,10491,2849789,14705,3016431,21404,3161363,27374,3234448,30166,3245342,12026033,5090444,7255540,8461954,10234226,11495093,11962112
34,NJ,New Jersey,4243677,42437.00,212184.00,424368.0,1060919.00,2121839.0,3182758.00,865778.16,330261.4,219146,118900,59024,28452,503597645,112575314,195077504,251273127,352287557,442076886,487100905,3394249,320996989,36257,39643882,188517,95391659,379230,136749911,934525,211105409,1823508,276646741,2716527,310836585,1460818,3335099,39662,1690550,175070,2131179,316510,2382274,662827,2787194,1060997,3112849,1281715,3240762,1156277,11936459,37896,4734716,171098,7269337,307221,8554448,603940,10284758,907494,11397563,1051454,11740735,773599,16797825,10711,2466372,51705,6177120,98052,8314668,219577,11282350,380012,13714141,532053,15261393,1114140,55099707,39083,37194711,172591,45564400,305028,49021389,585719,52697445,871054,54475788,1013211,54935094,452782,12231265,7017,808831,36620,2902045,74286,4796306,182267,8323785,318207,10949720,387514,11775176,803996,24591283,6334,484094,37712,2396328,87313,5053496,260757,12648884,515665,20530889,665123,23258122,267570,31922594,26115,20825284,76956,27784852,112533,29659803,172094,31230857,222068,31875854,248441,32012866,81133300,30615181,48263612,57535433,70404332,78563778,80884415
35,NM,New Mexico,918382,9184.00,45919.00,91838.0,229596.00,459191.0,688787.00,422572.36,190702.85,136092.9,77715,39186,20028,63178947,10383563,19960236,27268398,41313438,54071166,60745887,712963,38085392,6813,2416688,35698,7641143,72657,12362577,183127,21910182,373065,31402713,563771,36478147,260591,357496,8171,105569,34677,173493,61802,214003,124282,276664,187153,320384,224019,339996,137492,1396045,6968,632356,27678,934492,45803,1075060,81255,1248651,110239,1341374,124288,1373112,135948,1838246,2587,271039,11039,641810,20005,832219,42331,1139750,71213,1428577,97168,1636589,143498,5719642,7577,3662586,29281,4687028,47757,5083430,83830,5471895,114078,5646518,129769,5695861,83312,2053004,2497,254108,12256,795776,21929,1129461,43692,1627730,62494,1888205,72517,1989672,197845,6334735,2751,227252,17488,1233859,35399,2166521,82834,4068609,135411,5508880,167364,6069972,39825,3062751,5198,2184613,13642,2760563,18864,2904321,27357,3035396,33699,3077357,36921,3078119,7194282,2476584,4002820,4904381,6191225,6972814,7186219
36,NY,New York,9214215,92142.00,460711.00,921422.0,2303554.00,4607108.0,6910661.00,856903.88,276475.3,181130,98915.5,49886,24894,1085024832,363230248,523333775,624586821,806054884,969285350,1053128819,7207939,610538601,75409,103633578,395201,206408167,796612,278064596,1984957,409623327,3964822,533025102,5889200,593963785,3315599,10886894,88008,7594825,391651,8736015,721912,9254172,1536478,9982439,2408194,10499133,2906605,10710963,2130862,32159190,83143,18945451,356985,24567772,616379,26906970,1159020,29682401,1679013,31292047,1929321,31818564,1651883,31455053,23255,6244688,112787,13388502,207752,16633567,442759,20968509,762281,24822870,1109358,28101243,2133025,181435061,85500,148218732,360207,165838502,613124,171646831,1133805,177505754,1647169,180334638,1921927,181122824,870496,22181822,15920,2268905,88312,7092478,175151,10626020,393740,16401288,622958,20099770,743649,21377086,1716812,55405438,13851,1323164,95626,7572422,227682,15711547,629870,33562530,1121525,47563820,1410610,52544379,570940,68414889,62587,50398377,176450,63211389,248493,65871672,368583,67892534,468344,68584596,525441,68668555,187944824,99157333,132826172,148685722,170217400,183918110,187592952
37,NC,North Carolina,4583277,45833.00,229164.00,458328.0,1145819.00,2291639.0,3437458.00,590132.72,236309,160464,90027,44996,22542,395409459,82085224,144591418,188527411,269988477,343470231,381398402,3709488,251031595,38736,26313997,196652,65741759,392486,96226243,972908,154716322,1947833,210873279,2921959,241440231,1335409,1726407,41678,658896,177064,963405,317524,1136319,648876,1392540,985336,1579691,1171177,1659889,900718,8869264,38780,3589060,165250,5641239,284723,6634107,519823,7851520,725439,8516382,822042,8731469,857338,11694769,12827,1452159,56716,3535256,105069,4727690,236085,6641422,421039,8653996,593364,10143282,912512,42654993,40924,28553637,171317,35604356,290948,38326531,523636,41016908,730717,42218318,832337,42530865,494175,11954845,9146,856659,49432,3311680,97741,5334649,221175,8691432,347707,10709573,419375,11475516,941936,24792783,8311,518813,54155,3176614,123758,6531704,337372,14254376,603384,20695856,777595,23384144,255402,27535401,28110,19041656,81281,24420583,116179,25834902,172653,27024376,217707,27498301,239274,27584453,52669112,20840284,32029891,38058194,46076545,51160362,52585025
38,ND,North Dakota,341682,3417.00,17084.00,34168.0,85421.00,170841.0,256262.00,607084.64,237141.85,167503.9,104520.75,55575.5,29212,33683715,7424832,12142880,15486083,22163952,28761071,32321041,285313,18879000,2771,1119746,13796,3229619,28238,5318404,73088,10108079,145746,14940106,220235,17835937,121729,237955,3228,89420,14197,132041,25096,152030,51700,182121,84468,213329,104132,226733,81043,567238,2813,213164,11818,333955,20504,389075,39128,459828,60382,523808,72119,554319,51728,820414,1064,141954,4473,290232,8148,382485,18091,534349,30998,687842,40158,765570,83428,4387200,2980,3079529,12559,3663785,21518,3891743,40442,4140631,62196,4308366,74318,4360767,39811,885425,620,48922,3529,222138,6824,356559,14870,577212,26466,767970,33056,838625,62337,1454520,641,26135,3698,167244,7986,338156,20431,726477,39074,1167437,50810,1351267,28289,3046470,2428,2065844,8358,2681759,12406,2852882,18932,2988256,24263,3042472,26556,3051314,4398111,1738106,2556520,3005207,3669742,4182558,4374353
39,OH,Ohio,5350900,53509.00,267545.00,535090.0,1337725.00,2675450.0,4013175.00,515717.04,205841,145260,86869,46891,24220,433947591,85616964,149068397,194516650,283549665,369335428,416287660,4304598,274909993,45561,26629386,227759,65957036,457398,97735937,1141129,162268714,2261838,226376293,3382018,263231127,1499500,1908768,48198,741212,196137,1070338,341702,1238946,683322,1504837,1063895,1722709,1295556,1827586,1081915,9952484,45553,4625676,186053,6733074,312924,7639247,576632,8801334,839596,9534496,975513,9791491,828070,13042900,15942,1961382,66788,4623638,120297,6070225,255570,8321242,428510,10406353,584079,11758488,1047100,39976292,47011,27009360,188197,33127505,311713,35437707,564025,38047042,815191,39411486,947485,39809797,635069,14453452,11328,1183323,61068,4184893,116309,6364401,259547,10042750,426633,12664775,530651,13767889,1194007,32260252,10206,690168,67842,4097512,147606,7899739,387177,16671302,721350,25808082,963013,30120596,249264,27990432,31545,20823422,86958,25554769,119615,26671052,172123,27618166,213397,27993230,233797,28059194,55525644,21706100,32511455,38342054,46872846,53254833,55362926
40,OK,Oklahoma,1600341,16003.00,80017.00,160034.0,400085.00,800171.0,1200256.00,479971.2,196001,139957,82023,41965,20987,120225222,23374647,41165057,54214273,79686385,103347779,115725692,1296449,75478657,12977,5872841,66429,16221684,135303,25323312,339858,43943699,681517,62334486,1019393,72311407,476246,701881,14383,283187,60564,401853,108308,460734,220856,557182,338495,634086,410058,670755,234210,2238434,11988,1101463,46139,1554314,75043,1743944,132617,1994363,184617,2145821,211576,2200869,289792,3348365,5525,454593,22711,1013781,41109,1315530,89023,1847840,151734,2403206,208256,2871265,253981,10608186,13144,7120205,49880,8830814,80782,9421629,141981,10093509,198777,10440066,229116,10553239,150938,3678570,3413,326779,17717,1191999,32538,1776374,69309,2715564,106868,3291619,129151,3532941,315147,8182354,3244,247997,22793,1347617,48669,2434294,120429,4782460,206574,6805424,264859,7739939,96627,8872024,10853,6458698,31390,7999804,43950,8389656,64576,8744893,81403,8884152,89959,8902533,14147378,5673800,8509100,10083721,12283950,13714847,14129792
41,OR,Oregon,1914679,19147.00,95734.00,191468.0,478670.00,957340.0,1436009.00,606238.22,248529.1,171656,99979,51791,26651,178474257,34536430,61781035,81230550,118268805,153170481,171496356,1495272,106719327,15318,9757499,77802,25175900,156010,37872040,387452,63192341,774966,88112091,1175596,102166261,642772,1105294,17556,398869,76686,587982,138451,694054,287426,861700,456226,993643,551347,1052377,427425,4519079,15440,2073651,67289,2920734,117343,3341630,221189,3900303,325137,4280629,378391,4420657,303056,5819624,4670,622553,22150,1710973,41488,2394919,93036,3545060,163156,4664113,221521,5327570,450871,19493542,16779,11587929,71913,15439693,123517,16900305,229387,18356340,337765,19145578,397152,19381940,239625,5819493,3750,407197,20642,1473464,41140,2346401,96236,3936501,161590,5091124,198249,5522558,373505,11727665,3160,212026,20489,1341063,45755,2851022,125736,6541627,234613,9820834,301014,11024460,120372,13230813,11349,8383130,35004,11323005,51281,12185244,77608,12899428,100183,13201852,111256,13260069,23817338,8527381,13428680,16174491,20108705,22824136,23717973
42,PA,Pennsylvania,5912297,59123.00,295615.00,591230.0,1478074.00,2956149.0,4434223.00,617794.4,242564,167303,97345,50621,25323,552904298,119632647,202989377,261521356,372894344,477768450,532754233,4635065,338195496,49995,36153186,253387,88759716,507568,129735614,1258090,209019995,2494252,285418722,3723929,326652293,2029269,3863170,54346,2074746,234070,2517067,419964,2769178,873273,3197928,1395939,3553594,1716767,3719862,1410406,13481510,51461,5930783,220097,8807198,378304,10096624,713138,11751126,1060164,12836724,1242715,13219017,847968,16368058,16645,2601797,71944,6194466,129058,8101050,274321,11046816,463290,13627659,630394,15217960,1297411,60083469,52927,42013033,220720,50440541,372237,53723865,680293,57356350,993778,59280500,1160050,59844656,808142,18527496,12603,1583490,66849,5092928,130643,7824845,305394,12633805,518180,16149332,648891,17555348,1359966,33813342,11559,862236,70102,4220155,155190,8261313,424243,17994502,799055,27267877,1055618,31307714,302013,33294768,34276,23669658,96242,29880141,134859,31383276,198361,32671691,252911,33249815,281455,33378029,77326305,31046021,46392414,54668634,66266550,74527974,77099192
44,RI,Rhode Island,516621,5166.00,25831.00,51662.0,129155.00,258311.0,387466.00,577615,233259,165416,97042,51592,26815,46637744,8931825,15830374,20823233,30526887,39737888,44705504,418086,29679878,4343,2881091,22154,7122716,44774,10658044,111617,17702238,221607,24617339,333130,28508061,178128,264360,4755,108650,20251,150251,36381,171998,77138,209758,124312,240483,152217,253182,110322,1034447,4385,452621,18283,675352,31004,770824,58570,902627,85819,987128,99127,1015833,80907,1440616,1523,153113,6857,460365,12241,633859,25849,896189,42918,1138746,58200,1301568,107313,4832828,4595,3168734,18821,4020209,31359,4313301,57542,4620663,83618,4772541,96922,4814855,59009,1333934,1174,113748,5906,380145,11065,575607,24623,927580,40082,1172718,48600,1266404,99990,2787665,1103,70418,6485,381191,13873,741706,35461,1566998,63687,2337580,80945,2620448,26701,2562621,3109,1780978,8524,2285479,11932,2406983,17696,2526903,22414,2573834,24805,2575390,6345895,2290533,3534026,4241290,5294584,6069973,6318277
45,SC,South Carolina,2273679,22737.00,113684.00,227368.0,568420.00,1136840.0,1705259.00,542390.1,215567,149845,85759,42979,21544,184451640,38420006,66653889,86748417,125007703,159759527,177783016,1820760,110279584,18382,9810290,93231,25862384,186928,38930274,465578,64986681,940083,90941575,1421389,105528921,573500,845208,20339,320937,83114,477860,144926,560282,285333,687884,424475,775845,502937,814862,410721,4260788,18678,1816637,76028,2809747,128969,3259098,236524,3801229,330509,4101641,375130,4199811,417497,5496587,6685,872823,29207,1960839,52979,2523652,116544,3439369,204522,4321066,286676,4858848,414643,20511168,20044,14045331,80327,17351767,134089,18521256,240455,19792013,333811,20321667,379427,20458950,261165,6732169,5356,530168,29235,2067949,56774,3230604,124653,5050576,191086,6116305,227737,6513194,520634,14234925,5166,326990,34873,2148926,76852,4176281,198774,8601589,344678,12105939,439514,13554732,119417,13739829,14719,9985382,41564,12481459,57756,13086426,83732,13531062,103351,13731577,112573,13766349,23295609,9380670,14168291,16765157,20311411,22620015,23265620
46,SD,South Dakota,404448,4044.00,20222.00,40445.0,101112.00,202224.0,303336.00,645282.49,229597.3,157638,96884,51661,27262,38219534,8845003,14449173,18222377,25587305,32825011,36759548,328756,20632007,3261,1617781,16056,4042912,32569,6252586,83209,11187820,167242,16336687,254680,19537913,140839,300783,3823,109240,16730,166258,29786,195048,61118,236038,98729,271834,120292,287212,95388,882232,3366,372443,14076,553232,24562,636882,46842,738425,71081,815656,83711,852020,64053,1045513,1223,138019,5477,341569,10020,463233,22389,666519,38831,866761,49914,969324,100658,4754854,3623,2779349,15329,3704518,26417,4046424,49721,4414394,75443,4642127,89174,4713603,51795,1071309,814,89121,4573,288394,8961,448848,20167,712192,34485,925284,42593,1008673,85845,2250844,782,46728,5027,275818,11173,563243,29222,1212638,54772,1862859,70290,2111509,37138,4718108,3091,3320326,10788,4242176,16121,4465420,24636,4638668,31598,4702372,34733,4720123,4954580,2135054,3093515,3578397,4240929,4745123,4934361
47,TN,Tennessee,3030643,30306.00,151532.00,303064.0,757661.00,1515322.0,2272982.00,602498.9,220469.9,150268,85715.5,43954,21897,262342292,64142183,104026931,131125070,181957546,228791448,253348896,2459472,159883736,23396,17813680,122783,41123087,250925,59735459,637395,96811371,1288099,133340351,1935225,153537106,850086,1505449,27638,707919,115126,949540,202870,1072430,406609,1249323,615417,1385120,739009,1451630,487209,5737174,24414,3155402,98127,4274599,162119,4730026,284338,5264845,391197,5562746,444735,5670212,613004,14127700,11871,3608626,49566,7011348,86609,8457648,178763,10441370,304079,12117293,422501,13073236,511642,34939729,26639,26231831,105841,30981603,172763,32532440,298783,34021199,410200,34672422,467375,34861739,288318,6857279,5694,567330,31490,2101289,59991,3247479,129422,5014468,200461,6114568,244141,6575377,600403,15634749,5395,428782,37225,2379522,82718,4540156,215262,9158038,379889,12984000,494463,14746730,128480,14590235,18617,10466875,50490,13241331,67836,13867235,92838,14371784,111793,14574445,121130,14610631,35737437,16260168,23293249,26866319,31624110,34764056,35692019
48,TX,Texas,12612783,126128.00,630639.00,1261278.0,3153196.00,6306392.0,9459587.00,676270.54,249069,166470,90041,44159,21470,1193348225,313019718,499746580,626105811,854713334,1054685065,1155589733,10362882,741117579,101674,80888028,539845,199898608,1097089,293081460,2751174,468660848,5515470,630659478,8211597,714022862,3149862,7870500,115262,4519530,479423,5676949,832979,6213243,1610963,6975764,2354709,7480651,2782442,7698509,2049842,27547646,105214,15455453,440537,20881258,737372,23080652,1285883,25615417,1714261,26891429,1903718,27300975,2945517,37859836,40513,6280187,176967,13863744,327253,17694443,731377,23422640,1316737,28850791,1970734,32952192,2226507,159588262,112831,121467343,466826,142501794,776617,149346426,1354979,155843749,1827686,158529734,2055464,159276088,972526,29025574,22036,2860905,116410,9668643,222125,14717271,483532,22631485,728237,26812282,855834,28244758,1983247,55425643,20806,1588934,131842,8307788,295077,15958818,778860,33292076,1344494,47408940,1696632,52978934,659111,83835936,83524,63595013,238862,77760122,333817,80968021,476160,83455210,576110,84153759,624118,84115474,174440899,81417526,116406771,134369801,157488901,170861970,174282945
49,UT,Utah,1373850,13739.00,68693.00,137385.0,343463.00,686925.0,1030388.00,695920.53,247691.95,168503.1,100819,53543,27000,141959785,37246571,57752496,71504067,97896972,123475614,136962889,1176534,86332952,11389,8456866,59292,20148933,120598,30075379,303530,50548541,603673,70972900,907932,82362722,402301,930892,12640,444822,53794,622066,94517,691574,188494,787684,293734,866501,352816,902729,241698,2359636,10464,1241571,42305,1731083,71290,1913996,128674,2124645,186609,2267490,217494,2323318,237959,2725028,3538,363416,17111,843854,32730,1110278,74500,1545133,132563,2029468,176975,2387803,281970,22040079,12061,16773349,49827,19763466,83083,20627576,147866,21422563,215034,21829776,252860,21975754,112608,2799422,1957,212834,10713,784919,20593,1222218,46077,1938947,77085,2461991,95382,2674434,221526,6583303,1871,132121,12342,755243,27790,1525726,74653,3423557,140494,5401143,183474,6213360,131336,14143053,10113,8757795,34112,11956362,50914,12879053,80503,13705338,107443,14101395,121237,14176699,19350657,9151169,12723739,14538934,16980126,18666002,19281855
50,VT,Vermont,310684,3107.00,15534.00,31068.0,77671.00,155342.0,233013.00,553060.89,229124.4,159416.7,94963.5,50386.5,26600,26872427,4822142,8895911,11813213,17464138,22861591,25817379,241957,15819894,2419,1261533,12324,3353885,25219,5192278,64509,9071320,129776,12936448,195558,15198157,122963,156282,2871,50334,12919,78593,23762,93745,50503,116443,82327,136623,102030,146695,80146,947931,2653,353451,11454,578869,20022,686323,38202,813498,57905,895939,69060,926385,57406,1090509,942,108151,4516,316398,8427,448449,19006,678146,32576,878883,43330,1003651,75867,3142215,2771,1759608,11726,2420794,20142,2669283,37254,2930653,55704,3076619,66273,3120761,45627,989199,728,73607,4151,279700,8053,433264,17599,673544,29309,858207,36043,929606,65481,1608754,619,48223,3959,234420,8569,433225,21684,882778,39430,1303799,50458,1482480,20032,1644673,1818,1066853,5647,1425459,8240,1521104,12605,1611016,16425,1645477,18368,1651676,3363078,1160174,1851836,2238011,2785669,3196865,3348688
51,VA,Virginia,3848279,38483.00,192414.00,384828.0,962070.00,1924140.0,2886209.00,674957.86,286444.1,200160.2,112054.5,55266,26257,404294919,83767372,145143753,190700442,275850781,352725229,390819788,3156555,256366556,31980,24756757,166581,63494820,335211,95610097,831367,157584370,1649748,215704474,2481020,246686338,1273593,2077572,35696,864891,156024,1162003,284902,1346207,595905,1661656,940272,1909104,1126997,2007799,927141,9957213,33604,3914680,146721,6131102,261131,7257328,507394,8725859,745679,9578294,853153,9827072,712522,10484374,10281,1629807,46895,3820141,87074,5004420,193924,6705091,346319,8213833,488779,9306685,914318,45179804,34704,30360104,149205,37185021,262197,40058289,500866,43223985,731035,44688163,840552,45055308,411517,10837122,7562,877035,41888,3110406,81011,4776334,182899,7774415,299935,9824239,359602,10486842,837198,29113612,7916,660456,54706,4220042,120020,8331036,307608,17257609,555687,25046918,707878,27872578,216850,27091990,23882,19617206,64904,24190142,92221,25408593,140489,26553705,182153,27035043,202984,27133194,59118065,21750680,33496136,40504581,50703872,57138782,58958175
53,WA,Washington,3545579,35456.00,177279.00,354558.0,886395.00,1772790.0,2659184.00,878204.76,334781,216479,119166,61709,31214,439142824,106060163,176441888,223354774,306913285,383759142,423836836,2855467,267586465,29684,32693342,153685,77349565,307896,110101276,760784,170572423,1491784,226259234,2238332,257120740,1276229,2363056,33057,946867,147867,1335507,269727,1558085,564417,1881855,911622,2150962,1108819,2268504,894118,12297181,30810,6469745,140371,8502567,249929,9569161,472081,10913317,693334,11805232,805740,12107815,505377,11117378,7886,1517728,35574,3362166,67689,4709258,154154,6923082,273701,9020995,373083,10262332,942545,68056696,32978,46372905,150632,57400679,266837,61650386,496178,65484661,725521,67340838,848460,67852477,390972,11307090,5463,851100,28940,2537208,60428,4237923,149945,7531651,267963,10037381,330634,10840004,674282,21156777,4735,383821,28246,1845864,66514,3986629,203970,10093268,414568,16903338,546978,19725623,213405,24603127,18231,14155682,57103,20190385,87505,22238424,136776,23920379,178222,24585986,198017,24691361,69872587,27320236,42169498,49919825,60493627,67286031,69549649
54,WV,West Virginia,733558,7336.00,36678.00,73356.0,183390.00,366779.0,550169.00,373105.96,171706.15,129037.3,79691.75,41035,19850,47626352,6386481,13111858,18508912,29583409,40224809,45688072,582839,32106543,5917,2161393,30933,6465824,63078,10432801,157836,18643200,312248,26657559,462256,30855533,199699,203659,6167,52996,24014,87554,41446,106651,83637,141436,133131,172994,166343,189452,102856,705603,5296,266789,19059,428085,30107,495034,53612,593221,77889,661598,91288,688320,88658,1308927,2548,330123,8973,594951,15305,714188,30760,906220,50514,1080271,66444,1195961,94985,2308844,5586,1351811,19453,1785113,30116,1945552,51894,2147529,73547,2258783,85373,2294242,74914,1405262,1629,146936,7638,428892,13728,619132,29622,955873,48274,1210610,61281,1332165,188191,4471765,1890,135913,12186,675419,24708,1178905,60644,2336694,109021,3489454,147296,4119213,24612,1989333,3680,1498934,8829,1838787,11644,1908642,16385,1962982,20484,1989162,22714,1994867,5025111,1553721,2580541,3202941,4155950,4831131,5020093
55,WI,Wisconsin,2714445,27144.00,135722.00,271445.0,678611.00,1357223.0,2035834.00,541693.96,217908.8,156249,97180,52412,27175,239826090,46707898,80561047,105182968,154637626,203519666,230132497,2186828,149299005,23082,13187949,115397,33598884,232231,50683362,579430,86118619,1147554,121715572,1724974,142707970,1087905,1417017,25298,584533,109447,786003,200134,895131,436339,1078342,730946,1252279,917624,1339315,667581,5550020,22942,2355153,95630,3486898,164496,3999463,316397,4698659,487992,5220995,585001,5417600,362093,6049962,6613,644677,30057,1855415,54708,2546413,119563,3704190,204722,4827917,269427,5492499,648990,23063637,23781,14510800,97678,18255994,165608,19722690,311542,21455023,476605,22541110,571095,22897486,416470,9507832,5905,567492,32934,2255121,63755,3572920,149030,6024691,261052,8025129,333943,8915344,619051,15505320,5601,368216,33755,1945959,71836,3698068,191576,7948224,366867,12403042,487369,14343677,143309,17858072,16485,13506002,46022,16342857,63970,17011422,93312,17564043,119380,17819588,132691,17879661,30664072,11658706,17459870,20697659,25438310,29181573,30531770
56,WY,Wyoming,261563,2616.00,13078.00,26156.0,65391.00,130782.0,196172.00,748177.26,230481.6,160701.8,99716.5,53103,25834,32667777,13252371,17053300,19517829,24410292,29251885,31766821,210074,13850090,1758,1281227,9667,2771721,20379,4273238,53323,7696113,107438,11214892,162595,13184206,90676,719809,2510,595791,11012,641438,19196,658194,38654,681032,62758,701954,77593,712108,56700,1632184,2250,1215786,9061,1414709,15068,1475039,27774,1547244,42058,1599368,50314,1620175,44735,611022,893,34735,3806,180622,6819,254718,14821,363877,25916,477409,34325,553545,61099,9216241,2434,7759566,10147,8555073,16800,8783665,30376,9000834,45356,9132811,54220,9193260,31497,931111,587,156393,3225,344060,6096,478845,13117,680636,21704,836408,26825,897881,58714,1750066,547,43912,3706,242917,8254,471787,20588,954632,37602,1443013,48668,1651902,24250,2171124,2130,1424485,7238,1970180,10337,2083006,15234,2168954,20037,2197864,22439,2180775,5122859,3160269,3832135,4158678,4636677,4993702,5111634
